0c7ac4a8c9dfa802.png,779
4fc263d35a3ad3ee.png,123
cc13c2bc5cdd1f44.png,741
df58f94361c6d105.png,13
6cae4a23623d142b.png,440
d02adcb9140880a1.png,783
71080285ad6cb4e9.png,478
137ab6ca314e9e35.png,556
4b384c8247b56c0a.png,925
62ebd5f7ce015380.png,692
f24817d66024dfb6.png,740
3e7b01ba495f15f9.png,410
1a264165276e3c85.png,759
bc9a5e01c02e759e.png,18
01bdc0cfe670f708.png,541
493694833dc23399.png,835
7529b42e71769777.png,618
d204464fcf15ad99.png,269
7fd7ce3eb2bf9944.png,113
67967c9db11151e0.png,820
fa2a7d600b62174e.png,572
cd2d2889ef7ac51c.png,607
03f90f7138f761e8.png,490
9cf861a657c27cec.png,897
05817a675e7506d1.png,754
e1c702ed9842dd1c.png,757
150249123e81930d.png,485
890fdaf4e1892e00.png,692
9a1c67f467b9beea.png,90
3a7d9bd310202e93.png,660
56e9d5f63cfc507e.png,624
602f2c3749d6021e.png,106
8f5eda0b6a910b43.png,918
741fc1a3fc08731d.png,400
d77af00930283f4b.png,649
97151fe7a0a6e2e3.png,228
d72f34526e12fd83.png,325
957529a2abaa0581.png,648
3228a465697fb2cf.png,922
1733cbc68a2ae05d.png,892
8a82ddd7ab76efbb.png,908
e95ef0aeeab7b496.png,860
8555611998ea426a.png,497
1cc2caf8e5db27c3.png,607
a00c8d22e63497c4.png,892
4f553b721705d008.png,3
2153d9869fb5a9ef.png,942
7506caf0a49c3951.png,724
1d4133f5bc7af193.png,911
fd26c4733822dfcc.png,451
60f5900a00d94b25.png,558
b76e552d4b3ec0c3.png,191
3dc0e8f854bdc9b3.png,921
2e9b377877f64b3d.png,706
2842a69bf5b14526.png,757
a74f197288b10a0d.png,748
7a85f42383ec2f81.png,802
55e85d7b58024966.png,615
d6d192c5786f29f5.png,830
3692f6967c632fee.png,569
fae551840c1690fa.png,424
8020698d79dc39f2.png,954
694e7617a4878041.png,720
fa5484e61e455eb2.png,769
e6e677a28e3bd6d7.png,160
01f824264783f58d.png,678
4e1bdcb677f21fb4.png,779
f54616f2af588fd8.png,113
f20911d36a287dce.png,492
81a7637c67f4f777.png,836
65c1808390bd18c5.png,587
556d8b457b94c285.png,378
38546e7d7136c2ab.png,114
9876fe92d003c9d4.png,357
8df3dc0c3fef1824.png,843
938ada2f2bfa2b68.png,918
61131df39f19a4a0.png,867
06a0e36c443746b5.png,232
f9937696f421f4e4.png,491
c98a8640dcfaa5e0.png,847
d34c51d7523e9c0f.png,655
66aa56675136bbab.png,607
411c5d79017077f4.png,677
84640859ee739095.png,580
3e1e47f5af2a3f16.png,357
7a291389e67a8a07.png,637
afa0f88aaab03427.png,3
4d1237ccbd9a5b4b.png,423
6841e385fe79177f.png,833
b48febf2b989205b.png,635
39f82c728c956125.png,762
823f8eae0df2d5c1.png,570
6d6078c60e59e9f4.png,797
1f71668ab3dbe81b.png,967
70b3b833463d20b9.png,857
8800cff23fade16a.png,314
af2ac1705dc19a5f.png,99
87937b805302f958.png,873
f33087679c5e7799.png,588
e8d5809ee6888f8f.png,641
fe94909a2fad4ffe.png,965
00c3cd597f1ee96f.png,96
a5949b0719d3ea77.png,473
979757e16b67ac7e.png,798
60ab0fb53634bc3c.png,552
4063377442ea93d3.png,814
8f07c92f0af97807.png,108
d67b326ef48bb7b7.png,546
1f7c25207bc3e303.png,979
70d812d368e3e828.png,202
e19a59ad09d18497.png,915
a33af1b9f8b8a81b.png,667
e5cf220f8144c192.png,441
9455bd672cb9e4bd.png,582
9c509bfb75167fb0.png,748
37e7dc99bf2704c7.png,610
f2bfa7a95e787fe1.png,218
0f9d8c86a9f38020.png,118
ce05236afebb173d.png,510
1a7425e8f990e04a.png,676
1ba816dc6937b62d.png,768
a92e49d8bbdc2aae.png,564
0e0f1fd2ed183781.png,988
565c67fd230f18cc.png,854
b8596bba57a73794.png,41
9f55ac35ce9703e5.png,194
55323ce1ff485412.png,571
526f322d78bd5b44.png,288
229fbe790098d2e5.png,576
e0c0f412d78571dc.png,409
d12aad0d18252b40.png,39
3201d10ec4dca056.png,605
12cf4de43c70273e.png,833
56dbd7d814ef5c58.png,277
e91abe0f1a7a30f4.png,495
641d03527848417f.png,450
088560551b91ceb0.png,797
5d6c4759c26bae8c.png,746
9db1070b1b9f03d2.png,870
d6d42f8a1f6b4460.png,374
517dc655edeaf344.png,920
212476b1b58a0cfe.png,697
da4f4d6944d93ae0.png,779
1461ed9402248ddc.png,725
f0dcd519b5499d48.png,231
cfab8f880da31ad8.png,308
0be391239ccba0f2.png,996
8d68931ba23fdeb7.png,800
6bff4ecb94f1f84e.png,866
96fcb76927274db6.png,316
55b85f4336d9603a.png,30
a90d9627e2145090.png,722
f4bde5facfdca0c6.png,194
803450d936b35ebb.png,258
fff35cdcce3cde43.png,409
b58e8d136aff5a50.png,565
5c2d823a4d30e3d5.png,894
73728c249317ccb9.png,145
0b1d45bd9ab1064e.png,563
4b52fd42977215b9.png,627
5dbfff56258cf9e6.png,385
c47ca11294a9aefe.png,119
44fa09bc5f8e69a5.png,990
70db5a1689f89129.png,472
d531a31add433f46.png,769
4d0c0f35a0c00bdc.png,432
33197fa6ae88508a.png,30
78059d1afd7b9fea.png,248
e8c99e0220ab46d2.png,535
c755f3b0f89028fc.png,827
784232355d49601b.png,161
e99ceff3e420ef95.png,768
23955512cd0e1191.png,742
d6eac6858474111c.png,250
8d90c523b27410a7.png,563
5cf72b48fdf5e419.png,744
228fec6cab5f560d.png,931
e7b61bec5e4ca40e.png,674
c7d0c73d636300f5.png,801
61ed2594a0524631.png,996
89f48bcf97aa6600.png,70
9fe19d5c6dab83a3.png,805
e648427e38e80ff8.png,617
e758de2cbb3d10a0.png,905
38287d2e5a4a9a57.png,798
c6e0d2ab3bbf4a3e.png,838
4cccb215bd60b3c3.png,341
1cbae41091a750dc.png,814
de40907c1e2c5515.png,486
35c344ca0584ba14.png,831
c335ce88293384f2.png,629
daa6404780b1af27.png,999
446b24f903b488fc.png,839
d7ffed8f21024a14.png,922
7d599306068f4594.png,514
0d6463e9a7ef6185.png,786
af543b5f19ed1b1d.png,391
c5c9d17672ff88ce.png,266
80177288cda51d95.png,605
5b60477a29c7ef81.png,700
19d43f8204d3183d.png,378
2b741c5c635a7295.png,634
ab8329c28d8538c3.png,13
d0029b3675b792ae.png,902
69854b68476d5068.png,733
4bdb561770b52424.png,184
a92ab9e5fb9c5d64.png,457
8c6edf1ddfb61102.png,123
c135b139d293f7f2.png,491
7d2e9b03ec1b630b.png,535
29fe8d653950a631.png,542
d4c817db6be62b71.png,164
1e77361718213a43.png,435
6711e27733cfd050.png,733
df874264566c58a9.png,152
abd121ef53a69ef8.png,335
5021e7da00bf43b2.png,937
ebdfdcba5dc3b72a.png,600
68274b8293271807.png,579
a84ead15406596ce.png,937
5d1df4748743d42e.png,322
6e840c209f5733d5.png,750
46b657df12fd7c26.png,724
5c8bcfa0dbb246ab.png,581
afb0233b2e0545c4.png,959
1bb5f1337dfb1edd.png,293
64ed3f0e8a2dc320.png,410
d25df1a8259d3fdf.png,833
184a160b32ff4c72.png,717
4f722cab5573a5fb.png,392
f4902a569fa12171.png,992
eae13c52554a7783.png,848
b1e69e9c3d740f4c.png,833
2efe4916e679e875.png,926
49b1adfeb8ffcabd.png,671
83896b9fb7e9c2f8.png,547
f9f36f7774d73820.png,723
dad40e355e4e8e96.png,848
064e1cc405062c85.png,135
18d5f99fe237a306.png,77
d0c6c29954f0380b.png,96
c777da68bec01dcd.png,584
444109f3ccfacc7b.png,221
b722c809657aecee.png,640
97025d82ec9860dc.png,574
23f39187c0d00e30.png,658
515c6586db87bbd8.png,218
42e9b41ce96dbf0a.png,647
19b5bea9a7608a92.png,435
1a94dc47fdd84a95.png,830
e22a1c8dab22f256.png,11
d959fd91192d5717.png,596
8749fd2540a0cb01.png,448
8e9e976fc98e3cfa.png,740
330b9cb3cd80c88b.png,431
74b2e35cda75fe27.png,466
f5a2cf5c66d313fa.png,656
5ceb9f2e8405b0de.png,64
114c98c078c5aab0.png,108
d741b583a123562b.png,792
fdedd06cdf58084e.png,428
911aebf30626ce02.png,731
55599050147071cc.png,962
7f3c20f487834846.png,883
8c8bc30a62a1ee23.png,2
e96d52f9fbe3ca0b.png,435
ac295a63ac9d2cd7.png,864
5d23b04cc45bc37b.png,737
cbcb7444cc827812.png,786
5ec826683757ffae.png,369
b9310b9080c06e4f.png,269
4f9f0b75f5b04524.png,897
5c4eec952ca114a1.png,525
7f045354f4577c16.png,970
9c0e25e2f72438e8.png,506
adcf48b42266309d.png,589
3b67bec3793efcb4.png,746
67a08d685abf7fb6.png,710
22a313cc9fc2b4f1.png,940
0d85e0103989c850.png,722
c3cf76709c87255b.png,224
74355a8c878b6814.png,622
d6887e8d19a06139.png,45
0d65cb9d26de4d37.png,336
3df888fc3b1df464.png,383
5ab3f1edd2f0cb06.png,116
51b390bb124a6d9d.png,422
6ad1230d612d7eb7.png,680
76a5715019fe11c7.png,768
207fd3b5def218d1.png,279
ad43e858c614db4d.png,71
b3ba6f0352a29b2d.png,563
73ee2cc19ef92e50.png,686
84a5f6ee2af29208.png,513
58420b727fcab02b.png,168
0e0299d6352a3fb8.png,4
2ee4c1b2b9bcc6c8.png,785
24312de5c34473c0.png,820
bb748281da5e8681.png,694
b0bb1ea9bcc45800.png,456
b6c6a5b7829fbc9b.png,506
014f0024918a7b6f.png,885
7e4c41563370bed1.png,945
d05076189b7fd185.png,765
232c22314e21f764.png,904
2c54b60a2851b8ed.png,577
c96c3eab644075d3.png,300
54666421b4a6998f.png,759
4e34df87968bd882.png,379
96e77c20bf94ecb1.png,518
c9302f3b2b0452e4.png,892
0af0a5dfee6b84ff.png,808
592c7424f13b2d29.png,517
f5b0ed0fbb3b5f74.png,645
70a2529a6b2c0d46.png,550
000b7d55b6184b08.png,963
8a02b6196885c394.png,447
582663fe666aac9c.png,928
83d35591dfff99ac.png,857
3dfbdd066af9ca1e.png,5
59204d6bb0c234eb.png,703
d740663eeccdcecd.png,762
01dd15caa1b2c7b4.png,551
b97f4b95ae696316.png,399
c42c88890b5fc86d.png,112
d158837db31ed892.png,804
4a1a40a116088962.png,624
ba4508962af69d90.png,827
7069a117c92d27a4.png,186
72f96c6dc5df2de8.png,784
6609c25b3314b5b3.png,878
52d8515abbfaa8ac.png,634
a7f9b28e30d19d85.png,699
b2a7e558f1a3ff16.png,536
1a95932427129cda.png,465
d4579363596fbf21.png,889
f7dd570a0cfe1dcc.png,55
2d23b1dab7e3e9c0.png,971
6b27728f0f816dc6.png,874
9b4cab2ffb0c0754.png,963
33adbc27fdcadd65.png,716
eb53098ebcf05e64.png,601
8c609b06a60af060.png,291
4c8a4414419ab0bb.png,848
093402dc35f59027.png,113
8bb7d10e97694eb5.png,393
820ae900a943d605.png,701
8859efd46fab37ff.png,599
dde9f0aadcb02874.png,640
13810fcac72f12ba.png,72
b1bf532ce2c4c3a1.png,557
5b85f98e0105d135.png,933
53c478ffc8ddb967.png,613
92c3f5e99d8ac862.png,362
fae45093bad0961a.png,528
0db0952967f6faa6.png,552
868af4a2e614f5ac.png,467
8e3324c208eb9a3b.png,741
5ff168f7d006f69c.png,106
3e9496f7652e1968.png,834
2f7d5ff922af55c4.png,633
412311ea17528b7c.png,440
00312c7e7196baf4.png,220
51d1c77f80467b59.png,538
b0e0e06e647b478f.png,915
c609f86fa706bb9e.png,889
7d833ac8ab852bd2.png,151
6ab876a15af539c4.png,611
71d368782c72e313.png,487
65b8c8b065069802.png,379
b0619a61cf135f5e.png,420
aa07ba1587ec047e.png,900
749ed3502293d019.png,578
791c3d333052ca64.png,908
90e9a43bfb6a68b7.png,476
8c5b5bc0f39e2e06.png,253
cc43200264a62126.png,590
be95f5be87f6fadd.png,603
ed3cb7f5154ae02d.png,747
8400742ba78ac009.png,671
1dfbeffd999f280e.png,569
eb8ce5ba5c47e344.png,893
f5dffe28fc19b6e7.png,730
8094d4088a08cf09.png,615
631b6820e91a9e3e.png,303
c0e0c11350b8740e.png,698
c663670c06c06ea4.png,903
49591319edeb6b3a.png,416
cc8d850717026796.png,791
ab3fef142d031784.png,737
9d55997552acf0de.png,199
c135337ca7a575ae.png,178
1e33aa336b89dcff.png,588
39a483e9a23716ed.png,646
5191cfba868056a5.png,793
4572c8986c28343b.png,535
7700d0ba053dc4bd.png,292
eab9755117160864.png,510
7d2a7bca22967f29.png,600
8e89734ed940e222.png,794
506b87b78daa499c.png,244
28652355cd12a1e7.png,63
abe9504895f6e8dd.png,607
dd984311bff04342.png,524
f7947af6545be760.png,722
01244097ca8ffdfa.png,563
3cf4bb0637d0f182.png,52
1d5361e858fe8462.png,523
6a50fbe8723a6a4a.png,597
001b5e6f1b89fd3b.png,909
25eef91443ded954.png,728
ed3f9b6a081a4802.png,210
5c847b72d1e1713f.png,522
707bce947d54bcd8.png,941
43fa89c17e628c06.png,885
5fc906f27c8975d2.png,367
2fc17ec1fad5d947.png,929
7b8413ef241118df.png,485
2e854fca826e54b3.png,596
f0add7f552d2d895.png,543
9d4674c86096e4bd.png,614
82b6f0bc71f5d0af.png,578
7453471febf1db6f.png,90
648231d9393250fd.png,650
864fffaf7a83b3f4.png,373
c179282bd977c6e0.png,105
40a7f086461190f3.png,841
839aa3d166b020cf.png,211
38bdd950c1d08be6.png,891
2d95297e468bdf9b.png,526
8868879c2acd5d9e.png,130
9534108b0e8dceb1.png,822
fbc6b98b13c768e2.png,566
7c3b0d93654b39cd.png,428
43694caa12d5f823.png,757
daa43d65c3b18a84.png,54
a8c3363bbcc7015c.png,840
93a0857ff81c25ce.png,959
b11fa0f292c0178f.png,901
1dc0533f87996962.png,853
589319c64adf5fce.png,588
7e73c7adc520e406.png,86
ebb4dad78cfd67a9.png,730
11afa51200515f9a.png,567
9f6fe669276f04cf.png,697
9ee13ecd8d6727c0.png,554
d1a723656dc08b5e.png,814
b89dbfcc49dcf156.png,467
5a0e21d54b9c4954.png,146
4b8517e927f32962.png,271
81804435ad51df95.png,241
e4941a341ace171a.png,298
77c72d0a01e1af70.png,836
32c0e4647ce5a812.png,743
54153d17b11b495c.png,551
fb1efda0b27d5289.png,203
721804d1d3a60206.png,34
dcb6b32cd80f2b1f.png,832
49c27b439d39a00c.png,418
3f40eba168e5d385.png,936
6c9f8901246faff2.png,689
a64ae1acd9d09a87.png,83
05f7c084329ff0c6.png,910
ac2a8a4777dbe746.png,46
3d75d9676ad6361c.png,517
686ea4ec999364ff.png,554
f63d58b5af16091f.png,420
d3aa8ee50458c020.png,874
2891f4aa2279d369.png,405
348ac56def3ccd35.png,533
d46216d31908163e.png,785
a8dd9ba15f7b817b.png,740
5224fec9ba33b50d.png,532
4a1a488e8a975f7c.png,833
d7c1d1632cf0acc7.png,873
ea65c0ff71e7ceb3.png,737
200285e90078210b.png,741
cec46dbd1fa3473a.png,246
6314b953a2f66e36.png,774
1f3f949ccbc81c93.png,666
04546cc5e537d7cd.png,649
73064ceb466612d5.png,673
ae78688b32986638.png,879
48762c2cd2ed47e1.png,308
b217644382dcd864.png,708
629138193e021cdf.png,739
90dfd75887f3e67b.png,45
5d6b9cadb6f9e1cd.png,746
a033832d9ff8913b.png,357
313ff0037b86260a.png,610
b19e2df06dbcccd9.png,816
0e83f990a04ed67d.png,52
e9811aebe8bed6e5.png,410
380053c506e32105.png,514
668bc83a884d24f9.png,391
be9a3bea2989a0b4.png,677
b74c05ecff5f99d8.png,568
7a51c260ca0e83e7.png,748
e89d48768917f563.png,308
080bec22a6b1d37d.png,818
e37b556e8889d2ec.png,618
67dd47336dc89421.png,949
c3e9a84e039df3ce.png,765
0134ba03294509a1.png,355
7d253f78ef6f029a.png,92
fecd59b8de8ae6f7.png,793
24159caf9c5e92be.png,743
7ca714cdcd5d36d9.png,106
fafbad0b3093a886.png,315
45315ea51da415ab.png,189
5f3ea3c6b683fb57.png,62
ccbcaf10176e78e0.png,858
c25da85d5d62b000.png,219
beb3e55c385feb12.png,881
ed3573d0c197fbaf.png,190
95d1a6be6786190f.png,983
c8abefc975e94b10.png,675
024f73e53c3c1f1d.png,638
35d67f3f70aeef92.png,582
d47c9aabecda0e12.png,199
d97c1f3f1c211d1a.png,467
a28beac14b9037da.png,351
44aa69f642b86628.png,549
6cc289dc7a8fce86.png,1000
a92babc0a6436d3b.png,655
9fbeb797de1e1639.png,511
5a8d5bc9bf40e832.png,634
aa4e1cf9cb6e7801.png,840
200735f93ea764f2.png,285
5d53f9bc389e98ad.png,468
5b974695c09ad165.png,393
becf3b004177ded6.png,457
4f04ca75d7aafc0a.png,633
8764eecf6e898c7f.png,711
c5f5e09f4f5fd41a.png,421
0e9bdc3ab80b1a71.png,335
c17d39b1eba4cc03.png,732
01fa4be27dd11b5d.png,829
490df9e021386d29.png,351
08fbf75e60a6efb7.png,666
fc583c08026e3d74.png,588
db6c6671a6924eba.png,412
5a6439b10c1f6761.png,871
218e02b6cfa0466e.png,217
3f8bf287f20333eb.png,713
be5543dc68f0b970.png,636
a4f718e554dd18dd.png,95
38c6124f40b8d845.png,19
2c9398f44d099e0f.png,482
d2d6ae6e0b8a0c31.png,601
fccfc3563cd562e1.png,656
6217866896fbe2b7.png,867
21554e755b9706d2.png,76
87a2147620d5e1cb.png,290
af3736cca01a2d28.png,766
5adb3d985cf217a9.png,875
1cfa5381359bff9f.png,852
cd40b0e46c9da574.png,739
e9ecdf28dc1d5a85.png,192
821aae58dc96b4b2.png,575
715335d5ddfca1f2.png,915
1be47d60e0156bbb.png,912
2ba52bcf59097dc8.png,850
3617bfc5d06bc196.png,554
143c74a57326fd40.png,423
d051e0bd46125123.png,776
84af93c72781b7f0.png,782
3e8bf1eee7083f6e.png,683
5528f7330399485f.png,212
635ea505879178ed.png,923
bb03be3702584eeb.png,624
8c975de17f3247d1.png,526
8d86fae18afef4e0.png,79
619a9d0eb2acdd82.png,843
9ab953cce5c7f879.png,367
a414ccf5c51454e0.png,866
26aa2e6ee43387e7.png,741
6afe58efa85756dc.png,849
0ceee9a38409e30c.png,712
57e62606f02d0251.png,646
91d18b353d5b3be2.png,26
21b0803c965f76ef.png,977
3d6e530955c60759.png,892
0aebe24fc257286e.png,315
3c970c84b598f2d9.png,597
c6166621198a3de4.png,747
134bfd93a04b88b2.png,962
4227a6e105cc0588.png,141
90ab38bb74020d5a.png,141
e5f15610a22098bb.png,575
4cd90a6459ce9571.png,622
cc283b8f7f46fbf0.png,962
5dd8e133e66ecd3a.png,346
8805b0b20d808c49.png,927
448a738f6dcba07e.png,416
e5948d6294eb8ca3.png,676
ce4a0aa202981fa8.png,738
3a93a4dc2c8c866a.png,470
d8e10d91ca06f8a5.png,568
59d085fdb8a522d8.png,28
516301f7fd74072e.png,537
f7f85c56122216e0.png,352
b31309b3aea0b4d8.png,686
0398af20cdc80e17.png,998
f041df267ce93962.png,48
8ff2f242d37fd0e9.png,544
7b1e8dddc4d3dd95.png,287
71e8af9d2a1988bc.png,532
6cb14870eaa6c645.png,759
29a22db782d2fd6a.png,833
bd0610feded7ec1b.png,709
0f2e8e58a991472b.png,697
8c5c46d627350cb2.png,59
f6449244abe058a0.png,549
4758e82e4d0eae1e.png,546
55ed9483245c673c.png,931
bf571602729dc613.png,975
1e4d8f729c80305c.png,425
eaa88f936210e51d.png,953
4b1c01b84f5167a6.png,501
986e14bd6ae80609.png,307
3c99b1263f54b352.png,342
d9b46861ab203acc.png,957
d173abdca8d08e00.png,473
f0920019f77fc2f8.png,706
9552c19d7e2bca89.png,490
f9877ce2f6a0b7d3.png,907
6367ac8abbfbee7f.png,460
d9e987a5da26eabf.png,654
55d4770499efeaa4.png,328
54f7c8c5af370662.png,904
f21635f78f294334.png,468
b67c95a6acb2f02b.png,995
37f1e5313e0e0954.png,582
e523da536c95ebd8.png,68
17655256e9e840db.png,841
e3fb28cd64b13ed5.png,759
409746e2fff0e9e5.png,355
ff83ee5de635fda6.png,417
d6a884049122f404.png,284
32581cf019042e32.png,883
51fd398284ce6523.png,634
b5350cf7e4c962d3.png,830
11bd90ea5ca8f6f1.png,440
244633b53f8cbef5.png,284
5948fbd35229358b.png,258
aca4f156b3f7a62e.png,227
dd059db2ad7c2bbe.png,685
397aa21ee684462f.png,273
c4f8b575d5929648.png,856
50179d5916b65cd4.png,809
38951edc87604648.png,273
5e781d29d1d9ec33.png,640
d3966ff1b248339d.png,690
80dcecc8754e64d2.png,286
3ecbd108c7a4a59a.png,801
a4d9f51a15d63047.png,231
245d9fddf4882422.png,949
6ee2a3e9f33a690f.png,669
9fcf2c59ff0ff9b6.png,483
aca0f7bb5634215e.png,139
f5bd6bd67c9f31b9.png,327
8c25acb3c180ab09.png,659
1dfc1acdb562105b.png,166
fbdde8cbc678bea7.png,83
2f3ef912ac6b0250.png,70
beeecacedee95b9b.png,190
17305ce8e6a2b746.png,776
61e2fbffc6975c45.png,755
d273531739675b8a.png,971
800bbac9e2e5974d.png,582
f00bd297dae41dfd.png,751
e597fa21734e89c4.png,933
a959719b8ad773bb.png,236
d32f8fed46bda042.png,556
3a18c30e8585b650.png,970
3f3fdf6909d02648.png,871
abed3321f9001b33.png,763
951bce0c4f695dc1.png,488
db3f8c29f1206c6d.png,757
e3deab462fb7c09b.png,629
7b9c901d0f735717.png,628
a73d3d29520b1712.png,907
33d792783c22d45f.png,879
90aff731f3c23326.png,593
2ae7111d7768957e.png,227
e6bea491b7b39c9d.png,25
824e1d499f83a4e9.png,557
d40343ec11465b3c.png,231
a37df1410c95fcb1.png,299
1bba4ef457be4add.png,459
9066202fcefbca71.png,906
3b9abecfb8ac2c2c.png,855
f126713ff16704b1.png,111
43692809404c2d2d.png,784
1d43c97815370034.png,680
1b8bbe97386a4b63.png,539
7b5bb3821e924e98.png,750
95d22c402431c2db.png,958
71522fb58f7879ee.png,526
bb4ef961035d26ec.png,728
f29cfc6cff019a05.png,550
3a6fdb1fd754242b.png,614
c4aa9d77cb1b4927.png,557
02851c38dfce98b0.png,931
509c3200ab099636.png,790
70dd1a97d4663a72.png,489
d1d5ad9f7db05c65.png,617
69720b5bb72880f7.png,492
b521cfe682e3c26a.png,479
4595c561ddece482.png,645
97c72b4e6148bdd6.png,564
e67ab4ba4bb4dea9.png,786
7f84a1fe9c7d2ae8.png,591
05fe1ace8eecf93e.png,481
62f1ea06dd035411.png,136
9f7aef192b8fa8b3.png,639
5ae100fdc51dfe53.png,454
f62f390eb1097576.png,379
0cde76c81018cc8a.png,779
09d9e27638cfd149.png,758
9137f22576f67221.png,311
51d545471e30a2e7.png,510
ed42252ca0c0fca5.png,439
ae87647541e29397.png,356
888207991e7d9a62.png,280
7000bf5f979d6820.png,722
e46f32ee2a471099.png,952
ca615289147a0fea.png,158
c871806d605af637.png,767
e8f105fba60a0633.png,519
49891ab8d826b5e2.png,919
defcc0e67346fb39.png,247
d089896392c68f10.png,796
7c6571d95eb491fc.png,596
aed5042a1020173c.png,828
4a20523c00280ebd.png,613
15553549d8ba09db.png,442
32014e1dcbcd9667.png,401
7941287d96e2a97d.png,651
4e600c516b012ccb.png,997
960c2fbb9393dac1.png,58
f7613103a3f7f606.png,360
9efa722b7b18ecab.png,446
41c70c3afeb54d03.png,474
0e5b6760664ca045.png,154
d173ff3d2e9a8e40.png,624
16299d503aca0747.png,71
41394f0da7ac8b12.png,90
d5692729bde701c6.png,784
1b7c237e43a63caf.png,672
269c7e4cf57800d5.png,757
69d411b3b5646afa.png,817
c0c524882c16f45e.png,77
11f5bfa0348cf73b.png,802
84eaa7c8e6f876fc.png,543
178f5890f92a92a0.png,931
ce99a0896f6c9277.png,316
e37fa47b70126729.png,788
bf962faabe206781.png,282
18ce1a3099ee3dac.png,600
568bc38f3ca1e354.png,849
790dee2e3edd6ad1.png,673
0c4219f2a19b5dc3.png,236
1755ddf241af4505.png,546
a8656992ebce4856.png,894
0cb005f7eeccb80a.png,370
9948070c7eb241cb.png,371
09e2a86d93e696c2.png,363
60bad371625ab964.png,493
e1d0a5989d08d8d9.png,49
89723de59bcd729f.png,496
4d4036763558c2b3.png,785
33e2a1137737fe19.png,708
109d5ba3faba5681.png,30
b301910b6e183645.png,507
adb7ebb0c1aa25d1.png,762
081f36a3036c82e9.png,632
0b428b3c371c490f.png,339
44ede47181b3ed7c.png,675
4d2279fbb77d5cf4.png,464
5e2795e93d116422.png,830
3d8d44a02f73c91c.png,900
953c5a4e009dee96.png,725
1b2127870b62dae3.png,437
29285c4a579d8c3c.png,48
cf648fe7d2176bdc.png,397
97445f57c27f2d47.png,796
c712cc9afaa22a99.png,538
acd617ee5f3f23a0.png,392
4fc0d5234680582e.png,23
e4bd6dffe8b8001f.png,662
9a7ccdb8130eea74.png,563
1a554d01773b4b91.png,397
a8cfdf9c34e0a2d9.png,44
0e75ebd66b9ab3cc.png,573
c0a4e548b5cbd6e1.png,751
6eb88bb1279e92f9.png,897
fc912e8f19f4e1c9.png,158
5f995220f250d08d.png,517
deee1f1106038ed0.png,569
2a4185153f0f76fc.png,118
718ef5a99da31acb.png,337
37c329eff6e5207a.png,991
76d4df36ca6fd78b.png,825
f27a10945fe9ff4b.png,953
771a3735ff67b691.png,492
06227762bad2b330.png,66
f63051413723905d.png,936
d46ebcc62af2acb9.png,89
27a61180fabb7637.png,874
099f98003eacf5a8.png,717
df852fb48bede2a9.png,647
6319d8a3f0340262.png,300
a600298956469f9f.png,630
ea9f35646c8e9570.png,978
cda835d476e0c303.png,717
ad422df43e2a757e.png,711
6cbe797e65839c6e.png,584
e0e32cf5266cd521.png,5
29596c93e9d20f40.png,721
e79ae44ee3c2a62b.png,663
8d84bc4e09806502.png,858
5f2138e8a283fea8.png,844
4f31358268225536.png,614
456f0845b4eae10c.png,945
f7e21aa5b89dc479.png,48
42d97cc2d5f30194.png,746
3417481b4e7b29c8.png,221
d5a9b43c6257b3ac.png,138
d4c06c1da1658af6.png,607
61716ea3da29278d.png,956
7608022af9de0911.png,945
b0e0d37759ce4e3a.png,435
6d818e8669f3ac61.png,139
926c676a37c8d8ca.png,138
13f692e45aad3439.png,879
23de0d55027dc7a3.png,627
e4b30712d50cef1d.png,148
71b36f834c4fe9ad.png,21
2def3fa0f5a6ba73.png,411
1864b9416370c851.png,656
50ebcb625858518c.png,839
5d587eaa33f6efec.png,521
0a0e6bfebdf57cbd.png,533
0a002669d7bdc690.png,513
56f3542e14bacdff.png,40
c3c7e3994bc34b59.png,316
c1e470254bb87522.png,224
0cb2feb744266fd0.png,561
1b735d0ca8fa4658.png,576
6ef50fd6d78ac91a.png,902
76a2bbf100fcadde.png,586
3aa1b2978bded6a7.png,521
11c4b54a964ff082.png,371
acb0d1c3621f8800.png,633
551d323118fb54d3.png,746
8f08f1f32cca10a5.png,969
d0eaf6fd93c44abe.png,68
8e08a9b7438577a5.png,808
47207907c465be67.png,630
6dfb92193c305bf8.png,988
f3332771b727a5ee.png,669
2fc2878b88ad6b2b.png,439
b98022eec66378e7.png,210
a40071ec26435025.png,831
9b5e40255d8797f1.png,969
746cdec58e3555ba.png,682
15cc30a72f8f9e95.png,813
6a2c70c10ec98aa9.png,705
b92c426bcdf4e43d.png,759
ac81b69c57b36643.png,816
993357c62f7de85b.png,685
7bbe4f3334281c71.png,772
7eda6af195a61a91.png,976
ab1b0fdece18272a.png,143
d00e37994716353a.png,692
96c9b394d26a0e07.png,837
7f6d8a15cec61bc8.png,423
96c07d57f5ab319a.png,469
21155a5258a45a27.png,493
5821b43dd6cffda0.png,504
a12f6199b2c667d5.png,729
2cd4f0f862b967ed.png,543
2da87918bc750711.png,442
ac6e0c07c374d5d3.png,831
d57b6311f42ceb01.png,491
fe1e574cec7ca19f.png,163
9eafc3680ef735a3.png,812
9011236561e23d43.png,472
22011cb97c752dac.png,778
ee6009e30c777a0c.png,354
b7fa44c32caaffb3.png,713
7813339c05a069fe.png,263
222d963ec296ba85.png,715
5d93f75020b4f99b.png,632
5e88f291092f01f2.png,622
a68e035407c80913.png,673
0bdc3c04749c45d0.png,66
f410f7e55ab34cd9.png,730
f0e41c05fd793215.png,728
8f7fcccbd5d77137.png,788
afab65c0134e89b7.png,229
b53c546e0c820bb3.png,728
74cbbe6557010b90.png,311
bc3c605c14599dc9.png,40
0760df7b9f52457d.png,575
4a43182fa48efb7b.png,778
ef1846af3e7a330b.png,89
50bcbeb838c1a63f.png,91
0e96ff091098f82a.png,894
c596ed9fb2fee4ce.png,764
8a45a1ea4a1a65cf.png,892
ee0ca63700e017cf.png,685
c39e14b985d2504a.png,979
20c7fdb3317a5432.png,804
e6076758f0c3c5f8.png,508
26dab12c8c3812b8.png,151
b33c0003b4b57bab.png,44
1386bd0426854bf7.png,367
070fdf97b04a48b3.png,324
123d524ff1fabfd8.png,601
7853d8c5bcddf639.png,486
19106fcec4aa5edc.png,820
eadcb6de5c696016.png,520
2c68c6ae26e649e7.png,948
173b3f63e7674dcc.png,517
6001cc9decf254ff.png,247
2cf1890535bdfe45.png,569
5205a1f46cba0dbe.png,989
63fa27eea73b1428.png,860
820e369be4f64c37.png,121
c790f093bea813b3.png,693
29a1066827fcfaca.png,360
9be422211168e7d4.png,372
4461c08e0e8ccad3.png,680
40fa67f6e533a165.png,780
8a8d7bb089dd305d.png,394
8aba9f1a3dac78f3.png,424
444c1d7cdc1fa734.png,883
31132b257261e655.png,148
2413f3c22fc92bc7.png,616
dd6a8febc0c953ef.png,45
1c8d37176aa05ac9.png,710
e6ce7bdc752558f7.png,249
e373c220d13963c4.png,535
c6b127ac8de0db8d.png,513
c63383968413f24b.png,872
52deba153ed4e0d2.png,39
ecdab98dacbe3d58.png,952
31d7acb588ab6203.png,345
486d49986d58de99.png,329
3cb4532bf414a515.png,402
c8b54d9146aaa440.png,10
22fadd66bd941d49.png,998
d676a27058888617.png,905
431f6f8fbf02b996.png,483
325789b40f7da9e0.png,573
30d3d719e61e2072.png,524
ca899ebaaa192e76.png,154
ba5ce414717dcdf4.png,136
4d05d6759e6bbea0.png,333
e03b970bb8b75246.png,306
2ca9a74e9461a362.png,884
6cabb8f2ed6a5e48.png,791
14f62659ed234e96.png,130
75a87ac21ad2e102.png,105
799da227df8b4e77.png,967
64970b901ef0209e.png,95
3c416fd66e2f7fa3.png,713
b64acf4eab440b2e.png,251
8ae56aa3aaf970ca.png,166
99c649f1364eb2ea.png,559
759e53c9e3f518f8.png,510
b1eea5e72b0bb211.png,515
01dadd6b781ef538.png,698
cd7adb9c241f3645.png,353
ae6d7204c6a7bf9f.png,962
43a8ba622aeb8907.png,846
45ad724c3815c7b8.png,524
bff44e5ba0d28c5d.png,465
c24ccdbf81172891.png,504
f54aeb5092ed5267.png,643
dc0efd47be5140b1.png,115
38426929a2c14bc3.png,132
2ec28ff082dd9ddc.png,199
755cad2db75470e8.png,161
c31bf2a561660a48.png,649
d4ae0b51e0c5c161.png,976
eff76dc3f74bdc0f.png,753
92cbae0f539f4693.png,328
a4855965f0ee1892.png,481
f8f8ac0b8c70545c.png,84
fb3c12256f23989b.png,513
279c74d94797c6ae.png,825
309a61f58932f9d3.png,68
d709b3b07426a833.png,43
82996d5a78866f57.png,569
8f64cebadc25455f.png,114
bf9772a06e6bd842.png,786
e02d997b35e0b442.png,835
a84245835f36d314.png,702
e67bc976a1e69a81.png,456
3835f34272b005a8.png,108
d56b109bb8dd4006.png,897
b81e7b2bd2324839.png,951
af5a6a757ef0acb0.png,591
949b6656c77fc44c.png,361
6862ec8595dc6c56.png,652
9f340eca7b32bd1e.png,402
5568d5c80c28f3a9.png,545
ff403c29ed79f115.png,827
00c290a290534440.png,267
1edabd3f528a988f.png,298
0bf52174bd593307.png,269
a518ced9fc09eeb3.png,99
cf9d921917a6554c.png,515
e5098db03fc02a79.png,493
4313065196ceb86a.png,919
d330fefbebf1068f.png,817
be9aaa2b5a32fe9b.png,374
91dafb69f1245da0.png,151
84e91c0b8ca02f79.png,556
74e357a88ff94a07.png,544
5f9d13820921fb77.png,846
e17b93ee3cbe1f0c.png,582
c17e418fda3eb851.png,263
e165dcbeb553716f.png,727
8f3505c8e6454794.png,787
49dcebfc5f06cf7b.png,393
4b74dc92cf2e80d0.png,532
01c0e6fbf97538ea.png,222
0791499bcccabe52.png,431
01b2592eec61252d.png,557
30e85d1e2c85669f.png,754
7cf5d1811b244ea3.png,696
dc4ba9edda1e2a75.png,637
9b716a09c14f9b79.png,547
55e190b917b6f461.png,921
722d7c82f9e52277.png,351
34622e0ecc448248.png,801
08d4d6367652408d.png,590
bdb95712664d9e5f.png,732
ca31395e1a54ce30.png,867
2188f85066df06cf.png,238
a23d4cb3e070d9df.png,627
d4381dfea17fcfa1.png,812
865c22c59f23a382.png,501
00d3094857416925.png,691
7b2da05adcfd033f.png,834
f8f90b6a2ff3a5ca.png,452
13992d45aea1ac78.png,574
86ff221686395d10.png,359
d24ff49949d9ac44.png,736
7c286d90b45671b7.png,284
cbd9875f2249282e.png,422
307a646d5907399b.png,275
e1a7288ef3c4fcd7.png,176
16975e74dfbd7402.png,292
57d1361e30f54c93.png,682
fe2e27a42f7ddd98.png,265
3bedd25b5a1dad51.png,242
26b01f31089459d0.png,499
48e691c7cc9bbabc.png,473
87c012e12f39ff79.png,786
cc6261571a779f34.png,571
cbad7143016a1593.png,97
703a0b79ba9ffb4c.png,943
4ae1e87e1855a760.png,460
ffd75e49a6c6cb04.png,946
0cda86f27b9c06d3.png,746
fcf19e03aa2008e4.png,685
0ffa4e0eef72f7ed.png,538
a74536baf84ffa47.png,320
cbcaa587c96b599b.png,430
eb3f60c3e0eb5675.png,442
415fd08b8c01f727.png,831
d8da85f009866249.png,398
79a6c5c8b04a7108.png,607
53953db800a896ff.png,297
ce2facd2fb6d0cbe.png,606
e1eb18e3c44ac514.png,608
bbdd9f5816a28b00.png,923
27b9e505c9a5b3ba.png,64
cccd3907158215eb.png,110
6b536636db03368a.png,808
bedcd9af3d03feab.png,879
4b116f872dd54eed.png,697
3c1b3819c671f1c7.png,819
3d2abcbe53ac654b.png,313
e0b447f9a4252571.png,324
761e179b569cbb65.png,85
c93a9fa0ccd5444b.png,322
037152a42a3d1e8c.png,730
1d56331cc332d8c0.png,873
366caad06763b53d.png,497
174cbab4303eb662.png,660
ec1c634bfdffe570.png,912
0bb78770d50d0b08.png,833
4686fea497a61d5c.png,620
c0cda0f5a54343b7.png,593
9c858a860598df4c.png,745
7f22cad03f98680c.png,199
8919aa6ab76b8a13.png,874
a8cfe84bfbb905b1.png,136
777c15a9f1bb7a0a.png,149
86a083993a32fc75.png,631
39215655c9a7178e.png,587
e14b7963298b695b.png,422
8c1296e3fc73bb1a.png,386
77dcba158e450113.png,871
e6557602770210ec.png,853
c54d9d576a077722.png,758
ddb9bf0eb25bf2b0.png,512
e64dc418e4347581.png,774
42e193ecfc2e3441.png,600
cab419eb5d18f714.png,70
74a81b0154ea464c.png,570
e38f625efd714dd6.png,1000
ac1b0876bbe8e9a4.png,250
ff8746649ab3f934.png,795
5775f0a2539557b5.png,801
00e0c970bacdb5a6.png,513
d74d464c3bb94dab.png,812
6269269e08fda904.png,590
196eeedde559e5a9.png,511
e855ba5abd770ab3.png,375
903e6d1d34d4c358.png,213
0557707195f0c04c.png,498
cfdfa6e881689ffd.png,858
37ba2e92645e5fdf.png,354
89e7fbd80e0de870.png,772
5034d259fe9dd9e7.png,709
2ed100c942fe2248.png,90
fe91741b82eba4ec.png,893
d46bda0f98ffd223.png,933
5d4d94f48ccd34cd.png,849
c5f061dcfb483a11.png,243
57cb2d0d4e60115f.png,998
4fd4885be5338a57.png,824
d226233e9e80c844.png,782
d8c4089a3576443d.png,313
7857c2b2999b6b0d.png,556
dbd5f5702c93d034.png,279
ffea2ed2fcef0dd0.png,461
081806d391df2390.png,678
7c01e0d1a303d2f3.png,829
017907ab47d2a23b.png,457
030299994195bfce.png,742
2faf3ea634f1c11c.png,104
1ab396f9a7dabcc6.png,489
0037457099831038.png,803
31c99affa0ec993e.png,238
fa6bae54bd5d8b13.png,609
f12d9fb74d93ac1b.png,414
89fba1b9f530ae70.png,856
5c89f0eb592da419.png,797
ca6ad83e69143e79.png,284
e1db6c0ddd408559.png,656
0a5db53c7286f8ab.png,777
3ff325032a8ab559.png,599
8e7f94eeded8fede.png,868
1cdd7d5724781f3e.png,566
36ad1ff75147f53e.png,847
de9cd631e3f1bb3b.png,855
b4da4e4c923c953c.png,662
a6cca368f8e25813.png,626
85ec66858f670b92.png,521
8ef712565196f839.png,272
31a2c1b6d289e197.png,897
5b892db51a31a5c0.png,106
4561d75e1eb2008d.png,92
8172f0fdfb6fb9b8.png,326
a95f9e82901ab8c9.png,445
d1626847eb98b247.png,667
c68023eba7275883.png,235
fa61b6c9d4988957.png,704
d21a0c974022fa0f.png,788
07e44b6351ae7c0e.png,765
7f7856afe236ce4f.png,798
09540b63dc9894c5.png,500
83d5a14d9ffa8eb1.png,626
ffce60210764e242.png,536
d441eb660d2c9b7a.png,256
8b2f06597a576599.png,749
27018a94efb8a53d.png,700
27e0d2d2a445edb5.png,871
438eeddd57911cdd.png,649
0b3e55f4f58ece40.png,882
aaa4f3f9d6d61aa9.png,583
34cd73dae4d33894.png,237
71683b3b80fcf92a.png,943
66c0d373c70f8015.png,580
81dfe18c7dd3deaf.png,158
6c45e7530872effb.png,352
0804141fc80a512b.png,790
4edf885a00cd08b6.png,450
39efdad3eeaf6fb8.png,477
ab1da57dc73af11f.png,87
d603622bdc1d91fc.png,599
a4c9ad41dbba56e0.png,426
ccebf4596e8cbda3.png,645
4721d7e8bd28c774.png,849
225a3247d50b337e.png,679
9e4d03d077a5b514.png,130
a40a92752aa6ea98.png,880
87991155b1d3f344.png,632
843f9eff05e7fbcc.png,812
e43946ff747a33b3.png,565
af47658929e9e020.png,797
f7d7f686b5d95aae.png,716
1ed36bcbf5dcaad2.png,925
646d3915eba3dd7c.png,930
cdb921ec7f0ca0bf.png,240
6b138f3aa500019c.png,786
aad61bf6c5001828.png,568